{"interfaceLanguages":{"swift":[{"children":[{"title":"Structures","type":"groupMarker"},{"children":[{"title":"Initializers","type":"groupMarker"},{"path":"\/documentation\/packagetest\/packagetest\/init()","title":"init()","type":"init"},{"title":"Instance Properties","type":"groupMarker"},{"path":"\/documentation\/packagetest\/packagetest\/text","title":"var text: String","type":"property"}],"path":"\/documentation\/packagetest\/packagetest","title":"PackageTest","type":"struct"}],"path":"\/documentation\/packagetest","title":"PackageTest","type":"module"}]},"schemaVersion":{"major":0,"minor":1,"patch":1}}