{
  "ABIRoot": {
    "kind": "Root",
    "name": "TopLevel",
    "printedName": "TopLevel",
    "children": [
      {
        "kind": "TypeDecl",
        "name": "PackageTest",
        "printedName": "PackageTest",
        "children": [
          {
            "kind": "Var",
            "name": "text",
            "printedName": "text",
            "children": [
              {
                "kind": "TypeNominal",
                "name": "String",
                "printedName": "Swift.String",
                "usr": "s:SS"
              }
            ],
            "declKind": "Var",
            "usr": "s:11PackageTestAAV4textSSvp",
            "mangledName": "$s11PackageTestAAV4textSSvp",
            "moduleName": "PackageTest",
            "declAttributes": [
              "HasInitialValue",
              "HasStorage",
              "SetterAccess",
              "AccessControl"
            ],
            "hasStorage": true,
            "accessors": [
              {
                "kind": "Accessor",
                "name": "Get",
                "printedName": "Get()",
                "children": [
                  {
                    "kind": "TypeNominal",
                    "name": "String",
                    "printedName": "Swift.String",
                    "usr": "s:SS"
                  }
                ],
                "declKind": "Accessor",
                "usr": "s:11PackageTestAAV4textSSvg",
                "mangledName": "$s11PackageTestAAV4textSSvg",
                "moduleName": "PackageTest",
                "implicit": true,
                "accessorKind": "get"
              }
            ]
          },
          {
            "kind": "Constructor",
            "name": "init",
            "printedName": "init()",
            "children": [
              {
                "kind": "TypeNominal",
                "name": "PackageTest",
                "printedName": "PackageTest.PackageTest",
                "usr": "s:11PackageTestAAV"
              }
            ],
            "declKind": "Constructor",
            "usr": "s:11PackageTestAAVABycfc",
            "mangledName": "$s11PackageTestAAVABycfc",
            "moduleName": "PackageTest",
            "declAttributes": [
              "AccessControl"
            ],
            "init_kind": "Designated"
          }
        ],
        "declKind": "Struct",
        "usr": "s:11PackageTestAAV",
        "mangledName": "$s11PackageTestAAV",
        "moduleName": "PackageTest",
        "declAttributes": [
          "AccessControl"
        ]
      }
    ],
    "json_format_version": 8
  },
  "ConstValues": [
    {
      "filePath": "\/Users\/patrikhora\/PackageTest\/PackageTest\/Sources\/PackageTest\/PackageTest.swift",
      "kind": "StringLiteral",
      "offset": 63,
      "length": 15,
      "value": "\"Hello, World!\""
    }
  ]
}